﻿Swift Act,Omar Nasr,2022
TRUE,Mathmatics,Final
1,"Two Lines AB and CD intersect at O. If ∠AOC =50⁰,Then ∠ BOD and ∠AOD are respectively",C1.png
a,"130⁰ ,50⁰",
b,"50⁰, 130⁰",
c,"60⁰, 120⁰ ",
d,"40⁰, 140⁰",
2,"In the given figure ,ABCD is a cyclic quadrilateral in which AB || DC and ∠ BAD = 100⁰. Then , ∠ ABC=?",C2.png
a,80⁰,
b,100⁰,
c,75⁰,
d,150⁰,
3,Wirte about your career,
4,record audio to tell us about your self?,audio
5,record audio to tell us about your work exprience?,audio
6,listen and tells what is the idea in the record?,C6.wav
7,record yourself?,video
8,"If 3x+7y= 75 and 5x-5y= 25, then what is the estimation of x^2+y?",
9,Wirte about your career,
10,record audio to tell us about your self?,audio
11,"Two Lines AB and CD intersect at O. If ∠AOC =50⁰,Then ∠ BOD and ∠AOD are respectively",C1.png
a,"130⁰ ,50⁰",
b,"50⁰, 130⁰",
c,"60⁰, 120⁰ ",
d,"40⁰, 140⁰",
12,listen and tells what is the idea in the record?,C6.wav
13,"In the given figure ,ABCD is a cyclic quadrilateral in which AB || DC and ∠ BAD = 100⁰. Then , ∠ ABC=?",C2.png
a,80⁰,
b,100⁰,
c,75⁰,
d,150⁰,
14,listen and tells what is the idea in the record?,C6.wav
