﻿Swift Act,Omar Nasr,2022
TRUE,Mathmatics,Final
1,"Two Lines AB and CD intersect at O. If ∠AOC =50⁰,Then ∠ BOD and ∠AOD are respectively",C1.png
a,"130⁰ ,50⁰",
b,"50⁰, 130⁰",
c,"60⁰, 120⁰ ",
d,"40⁰, 140⁰",
2,"In the given figure ,ABCD is a cyclic quadrilateral in which AB || DC and ∠ BAD = 100⁰. Then , ∠ ABC=?",C2.png
a,80⁰,
b,100⁰,
c,75⁰,
d,150⁰,
3,"In the given figure ,ABCD is a cyclic quadrilateral in which AB || DC and ∠ BAD = 100⁰. Then , ∠ ABC=?",C2.png
a,80⁰,
b,100⁰,
c,75⁰,
d,150⁰,
4,"In the given figure ,ABCD is a cyclic quadrilateral in which AB || DC and ∠ BAD = 100⁰. Then , ∠ ABC=?",
5,"In the given figure ,ABCD is a cyclic quadrilateral in which AB || DC and ∠ BAD = 100⁰. Then , ∠ ABC=?",
